PEAK_TIME,AREA.x,SITE,MONTH,TIME,LINE,DATE_HPLC,ROW,PPCP,AREA.y,AREA,CONCENTRATION
2.29560256,1870.066895,BD,AUGUST,2,LINEC,20180901,ROW2,acetaminophen,0,1870.066895,0.001347339
2.669472218,2121.209229,DU,AUGUST,2,LINED,20180901,ROW2,acetaminophen,2879.066406,-757.8571777,NA
2.69767499,1393.46814,DU,SEPTEMBER,2,LINED,20180901,ROW2,acetaminophen,2879.066406,-1485.598267,NA
2.269361019,1213.056519,LK,JULY,2,LINEC,20180901,ROW2,acetaminophen,0,1213.056519,0.000514555
2.283005714,1314.675415,LK,SEPTEMBER,2,LINED,20180901,ROW2,acetaminophen,2879.066406,-1564.390991,NA
2.299655676,1529.27771,SA,AUGUST,2,LINED,20180901,ROW2,acetaminophen,2879.066406,-1349.788696,NA
2.763891459,10362.45996,SA,JUNE,2,LINEE,20180901,ROW2,acetaminophen,4618.950195,5743.509766,0.016339562
2.651113987,5211.477539,SJ,JUNE,2,LINEF,20180902,ROW2,acetaminophen,0,5211.477539,0.013162976
2.267562389,1141.177856,WB,AUGUST,2,LINED,20180901,ROW2,acetaminophen,2879.066406,-1737.88855,NA
2.713400602,5622.723633,WB,JULY,2,LINEF,20180902,ROW2,acetaminophen,0,5622.723633,0.015585193
2.706902266,1013.130676,WS,AUGUST,2,LINEC,20180901,ROW2,acetaminophen,0,1013.130676,0.000344736
2.699330568,1162.227539,YB,AUGUST,2,LINED,20180901,ROW2,acetaminophen,2879.066406,-1716.838867,NA
2.274928808,2118.089111,YB,SEPTEMBER,2,LINEC,20180831,ROW2,acetaminophen,0,2118.089111,0.001777307
8.888300896,5112.460938,BB,AUGUST,2,LINEB,20180831,ROW4,caffeine,0,5112.460938,0.250283124
9.315185547,3797.372314,BB,JULY,2,LINEE,20180902,ROW4,caffeine,0,3797.372314,0.152600828
9.214324951,2645.855713,BB,JUNE,2,LINEE,20180901,ROW4,caffeine,0,2645.855713,0.083652344
9.092398643,2808.322266,BB,SEPTEMBER,2,LINEB,20180831,ROW4,caffeine,0,2808.322266,0.09237163
9.373204231,4385.081543,BD,JULY,2,LINEE,20180902,ROW4,caffeine,0,4385.081543,0.193881032
9.01649189,1156.621704,BD,JUNE,2,LINEF,20180902,ROW4,caffeine,0,1156.621704,0.021112991
8.83697319,2970.789307,BD,SEPTEMBER,2,LINEC,20180831,ROW4,caffeine,0,2970.789307,0.101432424
8.991887093,3655.352783,BO,AUGUST,2,LINEF,20180902,ROW4,caffeine,0,3655.352783,0.143223578
8.940505981,7229.033691,BO,JULY,2,LINEC,20180831,ROW4,caffeine,0,7229.033691,0.445400715
9.255666733,1236.243164,BO,JUNE,2,LINEC,20180901,ROW4,caffeine,0,1236.243164,0.023586013
8.918025017,3767.934082,BO,SEPTEMBER,2,LINEB,20180831,ROW4,caffeine,0,3767.934082,0.150637617
9.119584084,12692.99219,DA,AUGUST,2,LINEB,20180831,ROW4,caffeine,0,12692.99219,1.13637942
9.109797478,4812.514648,DA,JULY,2,LINEB,20180831,ROW4,caffeine,0,4812.514648,0.226330754
9.008449554,4140.12793,DA,JUNE,2,LINEB,20180831,ROW4,caffeine,0,4140.12793,0.176197738
9.303085327,3235.192871,DA,SEPTEMBER,2,LINEE,20180902,ROW4,caffeine,0,3235.192871,0.116891946
9.040205956,1853.862427,DU,AUGUST,2,LINED,20180901,ROW4,caffeine,0,1853.862427,0.046284935
8.998246193,3748.428955,DU,JULY,2,LINED,20180901,ROW4,caffeine,0,3748.428955,0.149342428
9.119462967,5202.188965,DU,SEPTEMBER,2,LINED,20180901,ROW4,caffeine,0,5202.188965,0.257634164
8.828309059,13678.52539,FI,AUGUST,2,LINEB,20180831,ROW4,caffeine,0,13678.52539,1.286932472
9.323801041,16043.90527,FI,JULY,2,P2LINE2,20180903,ROW4,caffeine,0,16043.90527,1.678064435
9.137881279,258951.4844,FI,SEPTEMBER,2,LINEB,20180831,ROW4,caffeine,0,258951.4844,171.6043464
9.291030884,14895.36914,FI2,JULY,2,P2LINE3,20180903,ROW4,caffeine,0,14895.36914,1.482983649
8.933754921,723739.3125,FI2,SEPT,2,LINEC,20180901,ROW4,caffeine,0,723739.3125,948.8312253
9.160265923,2211.009521,FLBS,AUGUST,2,LINEB,20180831,ROW4,caffeine,0,2211.009521,0.062050072
9.418934822,1030.280273,FLBS,JULY,2,LINEE,20180902,ROW4,caffeine,0,1030.280273,0.017416749
9.197674751,1683.550171,FLBS,JUNE,2,LINEF,20180902,ROW4,caffeine,0,1683.550171,0.03942822
9.134379387,2675.683594,FLBS,SEPTEMBER,2,LINEB,20180831,ROW4,caffeine,0,2675.683594,0.085227254
8.999911308,3020.343994,HO,AUGUST,2,LINED,20180901,ROW4,caffeine,0,3020.343994,0.104263064
9.161912918,1445.262817,HO,JULY,2,LINEC,20180901,ROW4,caffeine,0,1445.262817,0.030586634
9.362891197,1064.199951,HO,JUNE,2,LINEE,20180902,ROW4,caffeine,0,1064.199951,0.018381173
9.425597191,2946.942871,HO,SEPTEMBER,2,LINEE,20180902,ROW4,caffeine,0,2946.942871,0.100081378
9.129001617,31143.34375,LK,AUGUST,2,LINEB,20180831,ROW4,caffeine,0,31143.34375,5.059122786
8.928764343,1012.056274,LK,JULY,2,LINEC,20180901,ROW4,caffeine,0,1012.056274,0.01690719
8.950491905,1878.180542,LK,SEPTEMBER,2,LINED,20180901,ROW4,caffeine,0,1878.180542,0.047299495
9.068379402,3432.767334,SA,AUGUST,2,LINED,20180901,ROW4,caffeine,0,3432.767334,0.129008348
9.169062614,1319.819702,SA,JULY,2,LINEF,20180902,ROW4,caffeine,0,1319.819702,0.026298095
9.458352089,1345.981812,SA,JUNE,2,LINEE,20180901,ROW4,caffeine,0,1345.981812,0.027171118
8.870402336,226030.5781,SA,SEPTEMBER,2,LINEC,20180831,ROW4,caffeine,0,226030.5781,136.8607118
9.153347969,16223.3623,SJ,AUGUST,2,LINEF,20180902,ROW4,caffeine,0,16223.3623,1.709409403
8.931729317,30837.99414,SJ,JULY,2,LINEF,20180902,ROW4,caffeine,0,30837.99414,4.976862215
8.91764164,1237.900879,SJ,JUNE,2,LINEF,20180902,ROW4,caffeine,0,1237.900879,0.023638657
8.975333214,5116.075195,SJ,SEPTEMBER,2,LINEB,20180831,ROW4,caffeine,0,5116.075195,0.250577582
8.947131157,2089.253174,WB,AUGUST,2,LINED,20180901,ROW4,caffeine,0,2089.253174,0.056469447
9.049275398,2197.62085,WB,JULY,2,LINEF,20180902,ROW4,caffeine,0,2197.62085,0.06142617
8.993218422,12560.29883,WB,SEPTEMBER,2,LINEB,20180831,ROW4,caffeine,0,12560.29883,1.116682479
8.999875069,1446.640869,WF,AUGUST,2,LINED,20180901,ROW4,caffeine,0,1446.640869,0.030635173
9.296741486,1679.911133,WF,JULY,2,LINEF,20180902,ROW4,caffeine,0,1679.911133,0.039286524
9.349444389,2588.075439,WF,JUNE,2,P2LINE4,20180903,ROW4,caffeine,0,2588.075439,0.080634992
8.862143517,2532.04126,WF,SEPTEMBER,2,LINEC,20180831,ROW4,caffeine,0,2532.04126,0.077751217
9.054201126,10487.41211,WS,AUGUST,2,LINEC,20180901,ROW4,caffeine,0,10487.41211,0.827182631
9.164674759,2501.174805,WS,JULY,2,P2LINEA,20180903,ROW4,caffeine,0,2501.174805,0.076180632
9.173166275,1972.013428,WS,JUNE,2,LINEF,20180902,ROW4,caffeine,0,1972.013428,0.051295987
9.090783119,1407.62085,YB,AUGUST,2,LINED,20180901,ROW4,caffeine,0,1407.62085,0.02927269
9.203611374,4675.541016,YB,JULY,2,LINEF,20180902,ROW4,caffeine,0,4675.541016,0.21571442
8.979474068,4341.470703,YB,JUNE,2,LINED,20180901,ROW4,caffeine,0,4341.470703,0.190683491
8.835430145,4384.851074,YB,SEPTEMBER,2,LINEC,20180831,ROW4,caffeine,0,4384.851074,0.193864078
19.5876503,4198.745117,BB,AUGUST,2,LINEB,20180831,ROW3,carbamezapine,99543.64063,-95344.89551,NA
19.57730675,9316.194336,BB,JULY,2,LINEE,20180902,ROW3,carbamezapine,22623.28711,-13307.09277,NA
19.5738678,6353.312012,BB,JUNE,2,LINEE,20180901,ROW3,carbamezapine,22623.28711,-16269.9751,NA
19.56822395,9546.651367,BB,SEPTEMBER,2,LINEB,20180831,ROW3,carbamezapine,99543.64063,-89996.98926,NA
19.57395363,4587.640625,BD,AUGUST,2,LINEC,20180901,ROW3,carbamezapine,11474.87402,-6887.233398,NA
19.59521675,10433.36914,BD,JULY,2,LINEE,20180902,ROW3,carbamezapine,22623.28711,-12189.91797,NA
19.58772278,5235.428711,BD,JUNE,2,LINEF,20180902,ROW3,carbamezapine,0,5235.428711,0.002175821
19.59841156,8034.401367,BD,SEPTEMBER,2,LINEC,20180831,ROW3,carbamezapine,11474.87402,-3440.472656,NA
19.59252357,4871.88623,BO,AUGUST,2,LINEF,20180902,ROW3,carbamezapine,0,4871.88623,0.001846133
19.58244514,5003.880371,BO,JULY,2,LINEC,20180831,ROW3,carbamezapine,11474.87402,-6470.993652,NA
19.57217216,4535.717773,BO,JUNE,2,LINEC,20180901,ROW3,carbamezapine,11474.87402,-6939.15625,NA
19.57975197,10944.1084,BO,SEPTEMBER,2,LINEB,20180831,ROW3,carbamezapine,99543.64063,-88599.53223,NA
19.36112595,27949.11914,DA,AUGUST,2,LINEB,20180831,ROW3,carbamezapine,99543.64063,-71594.52148,NA
19.57223129,14127.11133,DA,JULY,2,LINEB,20180831,ROW3,carbamezapine,99543.64063,-85416.5293,NA
19.57991982,6664.34668,DA,SEPTEMBER,2,LINEE,20180902,ROW3,carbamezapine,22623.28711,-15958.94043,NA
19.56601524,6283.14502,DU,AUGUST,2,LINED,20180901,ROW3,carbamezapine,10493.41113,-4210.266113,NA
19.58367538,11710.10938,DU,JULY,2,LINED,20180901,ROW3,carbamezapine,10493.41113,1216.698242,7.77E-05
19.57234764,5339.202148,DU,SEPTEMBER,2,LINED,20180901,ROW3,carbamezapine,10493.41113,-5154.208984,NA
19.5941906,5115.641602,FI,AUGUST,2,LINEB,20180831,ROW3,carbamezapine,99543.64063,-94427.99902,NA
19.57230186,5783.640137,FI,JULY,2,LINED,20180901,ROW3,carbamezapine,10493.41113,-4709.770996,NA
19.59523392,6749.817383,FI,JULY,2,P2LINE2,20180903,ROW3,carbamezapine,0,6749.817383,0.003886387
19.57623672,7450.20752,FI,SEPTEMBER,2,LINEB,20180831,ROW3,carbamezapine,99543.64063,-92093.43311,NA
19.57602692,5109.402344,FI2,JULY,2,P2LINE3,20180903,ROW3,carbamezapine,0,5109.402344,0.002058081
19.58211136,7321.002441,FI2,SEPT,2,LINEC,20180901,ROW3,carbamezapine,11474.87402,-4153.871582,NA
19.58040047,6670.367188,FLBS,AUGUST,2,LINEB,20180831,ROW3,carbamezapine,99543.64063,-92873.27344,NA
19.58019638,12674.39941,FLBS,JULY,2,LINEE,20180902,ROW3,carbamezapine,22623.28711,-9948.887695,NA
19.57131767,4856.705078,FLBS,JUNE,2,LINEF,20180902,ROW3,carbamezapine,0,4856.705078,0.001833025
19.57665062,8486.588867,FLBS,SEPTEMBER,2,LINEB,20180831,ROW3,carbamezapine,99543.64063,-91057.05176,NA
19.5734539,5413.788574,HO,AUGUST,2,LINED,20180901,ROW3,carbamezapine,10493.41113,-5079.622559,NA
19.57299232,7420.545898,HO,JULY,2,LINEC,20180901,ROW3,carbamezapine,11474.87402,-4054.328125,NA
19.57601357,2742.208008,HO,JUNE,2,LINEE,20180902,ROW3,carbamezapine,22623.28711,-19881.0791,NA
19.57262993,5581.549805,HO,SEPTEMBER,2,LINEE,20180902,ROW3,carbamezapine,22623.28711,-17041.7373,NA
19.5645771,7348.938965,LK,AUGUST,2,LINEB,20180831,ROW3,carbamezapine,99543.64063,-92194.70166,NA
19.5661602,10001.50586,LK,JULY,2,LINEC,20180901,ROW3,carbamezapine,11474.87402,-1473.368164,NA
19.57204628,4853.885254,LK,JUNE,2,LINEE,20180902,ROW3,carbamezapine,22623.28711,-17769.40186,NA
19.56924248,6797.394043,LK,SEPTEMBER,2,LINED,20180901,ROW3,carbamezapine,10493.41113,-3696.01709,NA
19.59150314,3629.466553,SA,AUGUST,2,LINED,20180901,ROW3,carbamezapine,10493.41113,-6863.94458,NA
19.57566833,6562.977539,SA,JULY,2,LINEF,20180902,ROW3,carbamezapine,0,6562.977539,0.003645121
19.58767128,3421.298584,SA,JUNE,2,LINEE,20180901,ROW3,carbamezapine,22623.28711,-19201.98853,NA
19.6035862,6037.307129,SA,SEPTEMBER,2,LINEC,20180831,ROW3,carbamezapine,11474.87402,-5437.566895,NA
19.58883476,8295.155273,SJ,AUGUST,2,LINEF,20180902,ROW3,carbamezapine,0,8295.155273,0.006222469
19.58819962,6264.75,SJ,JULY,2,LINEF,20180902,ROW3,carbamezapine,0,6264.75,0.003277922
19.58782005,4564.724121,SJ,JUNE,2,LINEF,20180902,ROW3,carbamezapine,0,4564.724121,0.00159107
19.57678986,8327.078125,SJ,SEPTEMBER,2,LINEB,20180831,ROW3,carbamezapine,99543.64063,-91216.5625,NA
19.58485794,5243.574219,WB,AUGUST,2,LINED,20180901,ROW3,carbamezapine,10493.41113,-5249.836914,NA
19.58416748,11160.9668,WB,JULY,2,LINEF,20180902,ROW3,carbamezapine,0,11160.9668,0.012252076
19.56749916,8540.639648,WB,SEPTEMBER,2,LINEB,20180831,ROW3,carbamezapine,99543.64063,-91003.00098,NA
19.57966805,5139.230469,WF,AUGUST,2,LINED,20180901,ROW3,carbamezapine,10493.41113,-5354.180664,NA
19.57297325,10169.75586,WF,JULY,2,LINEF,20180902,ROW3,carbamezapine,0,10169.75586,0.009908093
19.5833149,3864.553955,WF,JUNE,2,P2LINE4,20180903,ROW3,carbamezapine,0,3864.553955,0.001087884
19.57696152,5207.61377,WS,AUGUST,2,LINEC,20180901,ROW3,carbamezapine,11474.87402,-6267.260254,NA
19.57715797,12077.79297,WS,JULY,2,P2LINEA,20180903,ROW3,carbamezapine,0,12077.79297,0.014672003
19.57289696,4380.228516,WS,JUNE,2,LINEF,20180902,ROW3,carbamezapine,0,4380.228516,0.001448039
19.57384491,3526.134033,YB,AUGUST,2,LINED,20180901,ROW3,carbamezapine,10493.41113,-6967.2771,NA
19.58152008,10356.37988,YB,JULY,2,LINEF,20180902,ROW3,carbamezapine,0,10356.37988,0.010328117
19.57660294,5802.954102,YB,JUNE,2,LINED,20180901,ROW3,carbamezapine,10493.41113,-4690.457031,NA
19.58257484,6988.89209,YB,SEPTEMBER,2,LINEC,20180831,ROW3,carbamezapine,11474.87402,-4485.981934,NA
2.546151876,1709.059937,BD,SEPTEMBER,2,LINEC,20180831,ROW3,cotinine,0,1709.059937,0.000533681
2.559476376,1576.709229,LK,AUGUST,2,LINEB,20180831,ROW3,cotinine,83381.05469,-81804.34546,NA
2.65154171,1106.912842,SA,SEPTEMBER,2,LINEC,20180831,ROW3,cotinine,0,1106.912842,0.00022645
2.6200068,1269.481445,SJ,SEPTEMBER,2,LINEB,20180831,ROW3,cotinine,83381.05469,-82111.57324,NA
3.896652222,1026.7146,BB,JULY,2,LINEE,20180902,ROW4,paraxanthine,0,1026.7146,0.064066349
3.913732052,1620.553101,BD,JULY,2,LINEE,20180902,ROW4,paraxanthine,0,1620.553101,0.135128228
3.781739473,1189.988159,BO,JULY,2,LINEC,20180831,ROW4,paraxanthine,0,1189.988159,0.081551853
3.798231363,2723.902832,DA,AUGUST,2,LINEB,20180831,ROW4,paraxanthine,0,2723.902832,0.315883547
3.806047916,1808.497925,DA,JULY,2,LINEB,20180831,ROW4,paraxanthine,0,1808.497925,0.161685281
3.793356657,1448.439697,HO,AUGUST,2,LINED,20180901,ROW4,paraxanthine,0,1448.439697,0.112463016
3.825459003,3750.320313,LK,AUGUST,2,LINEB,20180831,ROW4,paraxanthine,0,3750.320313,0.532864031
3.834748268,1326.555908,SA,AUGUST,2,LINED,20180901,ROW4,paraxanthine,0,1326.555908,0.097406224
3.874063969,1433.557495,SJ,AUGUST,2,LINEF,20180902,ROW4,paraxanthine,0,1433.557495,0.110579703
3.765422821,7415.158691,SJ,JULY,2,LINEF,20180902,ROW4,paraxanthine,0,7415.158691,1.624489127
3.831284046,2966.166504,WS,AUGUST,2,LINEC,20180901,ROW4,paraxanthine,0,2966.166504,0.363107577
3.851669312,3360.639404,YB,JULY,2,LINEF,20180902,ROW4,paraxanthine,0,3360.639404,0.445354224
22.44319916,1178.496704,BB,SEPTEMBER,2,LINEB,20180831,ROW4,warfarin,124772.0781,-123593.5814,NA
22.56622314,1163.81311,BD,JUNE,2,LINEF,20180902,ROW4,warfarin,0,1163.81311,0.000910913
22.43738365,5012.666016,DA,AUGUST,2,LINEB,20180831,ROW4,warfarin,124772.0781,-119759.4121,NA
22.54206467,5423.624023,DA,JULY,2,LINEB,20180831,ROW4,warfarin,124772.0781,-119348.4541,NA
22.44141006,10842.20117,DA,JUNE,2,LINEB,20180831,ROW4,warfarin,124772.0781,-113929.877,NA
23.0051403,1623.296753,WS,JULY,2,P2LINEA,20180903,ROW4,warfarin,0,1623.296753,0.001713704
2.678597927,2917.679688,BB,JULY,1,LINEC,20180918,ROW2,acetaminophen,0,2917.679688,0.001736049
2.696944237,8982.609375,BD,JULY,1,LINEC,20180918,ROW2,acetaminophen,0,8982.609375,0.027294445
2.299820185,1249.650757,BO,SEPTEMBER,1,P2LINEA,20180920,ROW2,acetaminophen,0,1249.650757,0.000217439
4.072543144,3744.185303,DA,JULY,1,LINED,20180919,ROW2,acetaminophen,0,3744.185303,0.003198522
2.677621365,85547.78125,SA,SEPTEMBER,1,LINEF,20180920,ROW2,acetaminophen,0,85547.78125,6.826313031
2.711466312,3283.480957,SJ,JULY,1,LINED,20180919,ROW2,acetaminophen,0,3283.480957,0.002318682
9.113559723,3049.960205,BB,AUGUST,1,P2LINEA,20180920,ROW4,caffeine,0,3049.960205,0.101141174
9.030311584,7460.758789,BB,JULY,1,LINEC,20180918,ROW4,caffeine,0,7460.758789,0.478188042
9.183130264,19674.70117,BB,JUNE,1,LINEF,20180920,ROW4,caffeine,0,19674.70117,2.576009337
8.972486496,5864.638672,BB,SEPTEMBER,1,P2LINEA,20180920,ROW4,caffeine,0,5864.638672,0.314808079
9.159184456,1185.14563,BD,AUGUST,1,LINEE,20180919,ROW4,caffeine,0,1185.14563,0.019588107
9.037112236,26931.83008,BD,JULY,1,LINEC,20180918,ROW4,caffeine,0,26931.83008,4.443791061
9.074320793,3041.581055,BD,JUNE,1,LINEC,20180918,ROW4,caffeine,0,3041.581055,0.100659107
8.983641624,3380.660156,BD,SEPTEMBER,1,LINEF,20180920,ROW4,caffeine,0,3380.660156,0.120939782
9.131793976,1933.820557,BO,AUGUST,1,LINEF,20180920,ROW4,caffeine,0,1933.820557,0.045843983
9.00823307,3062.400146,BO,JULY,1,LINED,20180919,ROW4,caffeine,0,3062.400146,0.101858666
9.136501312,7139.301758,BO,JUNE,1,LINEF,20180920,ROW4,caffeine,0,7139.301758,0.442977101
9.070886612,4856.92334,BO,SEPTEMBER,1,P2LINEA,20180920,ROW4,caffeine,0,4856.92334,0.226907374
9.165313721,18918.5957,DA,AUGUST,1,P2LINEA,20180920,ROW4,caffeine,0,18918.5957,2.406527809
9.097026825,4102.031738,DA,JULY,1,LINEC,20180918,ROW4,caffeine,0,4102.031738,0.16921692
9.085438728,9125.585938,DA,JULY,1,LINED,20180919,ROW4,caffeine,0,9125.585938,0.678449185
9.088496208,8908.984375,DA,JUNE,1,LINEB,20180917,ROW4,caffeine,0,8908.984375,0.650728118
9.030759811,4562.75,DA,SEPTEMBER,1,LINEE,20180919,ROW4,caffeine,0,4562.75,0.203575373
9.109730721,3734.414551,DU,AUGUST,1,LINEF,20180920,ROW4,caffeine,0,3734.414551,0.143757042
9.228404045,6334.653809,DU,JUNE,1,LINEB,20180918,ROW4,caffeine,0,6334.653809,0.359908308
8.942308426,2185.140869,DU,SEPTEMBER,1,LINEE,20180919,ROW4,caffeine,0,2185.140869,0.056680658
9.118178368,1442.335327,FI,AUGUST,1,LINEF,20180920,ROW4,caffeine,0,1442.335327,0.02754987
9.156433105,2857.968506,FI,JULY,1,LINED,20180919,ROW4,caffeine,0,2857.968506,0.090342176
9.027037621,4889.244629,FI,JUNE,1,LINEB,20180917,ROW4,caffeine,0,4889.244629,0.22953614
9.090783119,3234.300049,FI,SEPTEMBER,1,LINED,20180919,ROW4,caffeine,0,3234.300049,0.11199241
9.057670593,2877.119873,FLBS,JUNE,1,LINEB,20180917,ROW4,caffeine,0,2877.119873,0.091396117
9.06969738,4697.679688,FLBS,SEPTEMBER,1,LINEF,20180920,ROW4,caffeine,0,4697.679688,0.214143845
8.942219734,2861.518555,HO,AUGUST,1,LINEE,20180919,ROW4,caffeine,0,2861.518555,0.090537152
9.20464325,2282.254639,HO,JULY,1,LINEB,20180918,ROW4,caffeine,0,2282.254639,0.061126708
9.17298317,1817.156006,HO,JUNE,1,LINEC,20180918,ROW4,caffeine,0,1817.156006,0.041148222
9.035655975,1914.314209,HO,SEPTEMBER,1,LINEC,20180918,ROW4,caffeine,0,1914.314209,0.045043896
9.173116684,2973.243164,LK,AUGUST,1,LINEF,20180920,ROW4,caffeine,0,2973.243164,0.096764063
9.303368568,3163.430176,LK,JULY,1,LINEB,20180918,ROW4,caffeine,0,3163.430176,0.107765168
9.009331703,2185.992432,LK,JUNE,1,LINEC,20180918,ROW4,caffeine,0,2185.992432,0.056719024
9.117972374,2126.978027,LK,SEPTEMBER,1,LINED,20180919,ROW4,caffeine,0,2126.978027,0.054086327
8.900407791,105413.3281,SA,AUGUST,1,LINEE,20180919,ROW4,caffeine,0,105413.3281,47.52765349
9.123419762,6457.083008,SA,JULY,1,LINED,20180919,ROW4,caffeine,0,6457.083008,0.372074167
9.114608765,10185.43359,SA,JUNE,1,LINEB,20180917,ROW4,caffeine,0,10185.43359,0.821085363
8.951953888,11441.36621,SA,SEPTEMBER,1,LINEF,20180920,ROW4,caffeine,0,11441.36621,1.004815912
9.110429764,3115.91333,SJ,AUGUST,1,LINEE,20180919,ROW4,caffeine,0,3115.91333,0.10496961
9.115724564,9659.18457,SJ,JULY,1,LINED,20180919,ROW4,caffeine,0,9659.18457,0.748820003
9.274817467,17971.89063,SJ,JUNE,1,LINEC,20180918,ROW4,caffeine,0,17971.89063,2.201263113
9.100273132,5932.120117,SJ,SEPTEMBER,1,LINED,20180919,ROW4,caffeine,0,5932.120117,0.321125462
9.118166924,5501.070313,WB,JULY,1,LINED,20180919,ROW4,caffeine,0,5501.070313,0.281693738
8.942192078,5463.394043,WB,JUNE,1,LINEC,20180918,ROW4,caffeine,0,5463.394043,0.278351683
9.061757088,1470.890259,WB,SEPTEMBER,1,LINEC,20180918,ROW4,caffeine,0,1470.890259,0.028503979
9.120752335,4310.019531,WF,AUGUST,1,P2LINEA,20180920,ROW4,caffeine,0,4310.019531,0.184394305
9.340614319,16378.06152,WF,JULY,1,LINEB,20180918,ROW4,caffeine,0,16378.06152,1.873399897
9.290180206,2203.154053,WF,JUNE,1,LINEB,20180918,ROW4,caffeine,0,2203.154053,0.057494566
8.978034019,2399.13916,WF,SEPTEMBER,1,LINEE,20180919,ROW4,caffeine,0,2399.13916,0.066665534
9.057720184,4003.115723,WS,AUGUST,1,LINED,20180919,ROW4,caffeine,0,4003.115723,0.16219361
9.082447052,3249.795654,WS,JULY,1,LINED,20180919,ROW4,caffeine,0,3249.795654,0.11292587
9.438387871,1644.098877,WS,JUNE,1,LINEB,20180918,ROW4,caffeine,0,1644.098877,0.034583477
9.167538643,3155.546631,WS,SEPTEMBER,1,LINEF,20180920,ROW4,caffeine,0,3155.546631,0.1072992
8.953271866,1682.682373,YB,AUGUST,1,LINEE,20180919,ROW4,caffeine,0,1682.682373,0.036005104
8.931520462,3843.316162,YB,JULY,1,LINEC,20180918,ROW4,caffeine,0,3843.316162,0.151115425
8.994466782,3143.545654,YB,JULY,1,LINEE,20180919,ROW4,caffeine,0,3143.545654,0.10659151
9.222466469,3666.851074,YB,JUNE,1,LINEB,20180917,ROW4,caffeine,0,3666.851074,0.139270378
9.128644943,2375.799805,YB,SEPTEMBER,1,LINEE,20180919,ROW4,caffeine,0,2375.799805,0.065543289
19.60569572,10728.01855,BB,JULY,1,LINEC,20180918,ROW3,carbamezapine,6510.740234,4217.27832,0.000544245
19.39108658,7321.89209,BB,JUNE,1,LINEF,20180920,ROW3,carbamezapine,5874.606934,1447.285156,3.61E-05
19.40288162,7902.622559,BD,AUGUST,1,LINEE,20180919,ROW3,carbamezapine,6069.727051,1832.895508,6.57E-05
19.5982399,8397.069336,BD,JULY,1,LINEC,20180918,ROW3,carbamezapine,6510.740234,1886.329102,7.06E-05
19.60362434,8016.893066,BD,SEPTEMBER,1,LINEF,20180920,ROW3,carbamezapine,5874.606934,2142.286133,9.76E-05
19.39406204,21453.24023,BO,SEPTEMBER,1,P2LINEA,20180920,ROW3,carbamezapine,5872.699707,15580.54053,0.014998852
19.59926414,10155.93359,DA,JULY,1,LINEC,20180918,ROW3,carbamezapine,6510.740234,3645.193359,0.00037595
19.59880829,7999.71582,DU,AUGUST,1,LINEF,20180920,ROW3,carbamezapine,5874.606934,2125.108887,9.56E-05
19.59734917,10477.72266,FI,SEPTEMBER,1,LINED,20180919,ROW3,carbamezapine,6428.697266,4049.025391,0.000490822
19.37759018,8206.249023,FLBS,JUNE,1,LINEB,20180917,ROW3,carbamezapine,38085.75,-29879.50098,NA
19.60062027,9390.730469,HO,AUGUST,1,LINEE,20180919,ROW3,carbamezapine,6069.727051,3321.003418,0.000296809
19.38603973,10061.00977,HO,JULY,1,LINEB,20180918,ROW3,carbamezapine,38085.75,-28024.74023,NA
19.3981266,6257.554199,HO,JUNE,1,LINEC,20180918,ROW3,carbamezapine,6510.740234,-253.1860352,NA
19.40550995,9680.293945,HO,SEPTEMBER,1,LINEC,20180918,ROW3,carbamezapine,6510.740234,3169.553711,0.000263654
19.60518456,10227.00488,LK,AUGUST,1,LINEF,20180920,ROW3,carbamezapine,5874.606934,4352.397949,0.000589592
19.604002,9866.84668,LK,JULY,1,LINEB,20180918,ROW3,carbamezapine,38085.75,-28218.90332,NA
19.39592552,7266.09668,LK,JUNE,1,LINEC,20180918,ROW3,carbamezapine,6510.740234,755.3564453,6.93E-06
19.60045815,9348.743164,LK,SEPTEMBER,1,LINED,20180919,ROW3,carbamezapine,6428.697266,2920.045898,0.000214127
19.38143349,6270.17334,SA,AUGUST,1,LINEE,20180919,ROW3,carbamezapine,6069.727051,200.4462891,2.39E-07
19.38435555,8697.875,SA,JULY,1,LINED,20180919,ROW3,carbamezapine,6428.697266,2269.177734,0.000112913
19.3784256,6448.833984,SA,JUNE,1,LINEB,20180917,ROW3,carbamezapine,38085.75,-31636.91602,NA
19.5929451,9975.833008,SJ,JULY,1,LINED,20180919,ROW3,carbamezapine,6428.697266,3547.135742,0.000350814
19.38195419,6865.319824,SJ,JUNE,1,LINEC,20180918,ROW3,carbamezapine,6510.740234,354.5795898,1.02E-06
19.59537315,10527.63184,SJ,SEPTEMBER,1,LINED,20180919,ROW3,carbamezapine,6428.697266,4098.93457,0.000506321
19.3896637,5956.042969,WB,AUGUST,1,LINEE,20180919,ROW3,carbamezapine,6069.727051,-113.684082,NA
19.60354042,7165.935547,WB,JULY,1,LINED,20180919,ROW3,carbamezapine,6428.697266,737.2382813,6.51E-06
19.3972187,7193.657227,WB,JUNE,1,LINEC,20180918,ROW3,carbamezapine,6510.740234,682.9169922,5.36E-06
19.41074753,7476.802734,WB,SEPTEMBER,1,LINEC,20180918,ROW3,carbamezapine,6510.740234,966.0625,1.29E-05
19.60696411,10254.82227,WF,JULY,1,LINEB,20180918,ROW3,carbamezapine,38085.75,-27830.92773,NA
19.38152695,5894.932617,WF,JUNE,1,LINEB,20180918,ROW3,carbamezapine,38085.75,-32190.81738,NA
19.39730835,6951.208984,YB,AUGUST,1,LINEE,20180919,ROW3,carbamezapine,6069.727051,881.4819336,1.02E-05
19.60382271,9435.56543,YB,JULY,1,LINEC,20180918,ROW3,carbamezapine,6510.740234,2924.825195,0.000215018
19.38729286,7718.337891,YB,JUNE,1,LINEB,20180917,ROW3,carbamezapine,38085.75,-30367.41211,NA
19.59750366,9034.707031,YB,SEPTEMBER,1,LINEE,20180919,ROW3,carbamezapine,6069.727051,2964.97998,0.000222588
3.081925869,23136.45898,DU,AUGUST,1,LINEF,20180920,ROW3,cotinine,0,23136.45898,0.177917484
3.835763931,1175.453247,BB,AUGUST,1,P2LINEA,20180920,ROW4,paraxanthine,0,1175.453247,0.103788648
3.768665075,2689.792969,BB,JULY,1,LINEC,20180918,ROW4,paraxanthine,0,2689.792969,0.396905489
3.844466686,8188.755859,BB,JUNE,1,LINEF,20180920,ROW4,paraxanthine,0,8188.755859,2.410594889
3.781145334,2202.195557,BB,SEPTEMBER,1,P2LINEA,20180920,ROW4,paraxanthine,0,2202.195557,0.287037603
3.803054333,5896.003906,BD,JULY,1,LINEC,20180918,ROW4,paraxanthine,0,5896.003906,1.415679732
3.804968357,1036.229248,BO,JULY,1,LINED,20180919,ROW4,paraxanthine,0,1036.229248,0.084612893
3.818285704,2327.216553,BO,JUNE,1,LINEF,20180920,ROW4,paraxanthine,0,2327.216553,0.31390356
3.810827494,1488.075439,BO,SEPTEMBER,1,P2LINEA,20180920,ROW4,paraxanthine,0,1488.075439,0.152091628
3.853615522,5480.106445,DA,AUGUST,1,P2LINEA,20180920,ROW4,paraxanthine,0,5480.106445,1.257443643
3.830036163,1162.772583,DA,JULY,1,LINEC,20180918,ROW4,paraxanthine,0,1162.772583,0.101980486
3.828912497,3295.171875,DA,JULY,1,LINED,20180919,ROW4,paraxanthine,0,3295.171875,0.551487644
3.820620775,1038.63855,DA,JUNE,1,LINEB,20180917,ROW4,paraxanthine,0,1038.63855,0.084931895
3.782991648,2157.805908,DA,SEPTEMBER,1,LINEE,20180919,ROW4,paraxanthine,0,2157.805908,0.277721328
3.853606701,1884.87854,DU,JUNE,1,LINEB,20180918,ROW4,paraxanthine,0,1884.87854,0.223073385
4.008577347,1876.16626,DU,SEPTEMBER,1,LINEE,20180919,ROW4,paraxanthine,0,1876.16626,0.221405058
3.850510597,1474.516357,FI,JULY,1,LINED,20180919,ROW4,paraxanthine,0,1474.516357,0.149852451
1.279979587,3317.858887,FI,JUNE,1,LINEB,20180917,ROW4,paraxanthine,0,3317.858887,0.557653157
3.822144508,1128.253052,FI,SEPTEMBER,1,LINED,20180919,ROW4,paraxanthine,0,1128.253052,0.097120189
3.841224909,1035.145386,FLBS,JUNE,1,LINEB,20180917,ROW4,paraxanthine,0,1035.145386,0.084469535
3.824858427,1309.341919,FLBS,SEPTEMBER,1,LINEF,20180920,ROW4,paraxanthine,0,1309.341919,0.123611674
3.849533319,1102.991821,LK,AUGUST,1,LINEF,20180920,ROW4,paraxanthine,0,1102.991821,0.093621296
3.766983271,1471.804688,SA,AUGUST,1,LINEE,20180919,ROW4,paraxanthine,0,1471.804688,0.149406166
3.821278334,1755.027344,SA,JULY,1,LINED,20180919,ROW4,paraxanthine,0,1755.027344,0.198709112
3.832234144,4871.119141,SA,JUNE,1,LINEB,20180917,ROW4,paraxanthine,0,4871.119141,1.038941498
3.767715216,4790.789551,SA,SEPTEMBER,1,LINEF,20180920,ROW4,paraxanthine,0,4790.789551,1.011322077
3.808280468,1437.574951,SJ,AUGUST,1,LINEE,20180919,ROW4,paraxanthine,0,1437.574951,0.143816617
3.848172426,2837.230957,SJ,JULY,1,LINED,20180919,ROW4,paraxanthine,0,2837.230957,0.432752955
3.898146629,8580.680664,SJ,JUNE,1,LINEC,20180918,ROW4,paraxanthine,0,8580.680664,2.600300238
3.805628777,1826.0896,SJ,SEPTEMBER,1,LINED,20180919,ROW4,paraxanthine,0,1826.0896,0.211909132
3.822994709,1987.83606,WB,JULY,1,LINED,20180919,ROW4,paraxanthine,0,1987.83606,0.243149437
3.764889479,2631.599609,WB,JUNE,1,LINEC,20180918,ROW4,paraxanthine,0,2631.599609,0.383085176
3.822811604,1340.035278,WF,AUGUST,1,P2LINEA,20180920,ROW4,paraxanthine,0,1340.035278,0.12834097
3.912068367,5884.246582,WF,JULY,1,LINEB,20180918,ROW4,paraxanthine,0,5884.246582,1.411108266
3.956574917,1167.878052,WF,JUNE,1,LINEB,20180918,ROW4,paraxanthine,0,1167.878052,0.102707022
3.838920355,1131.492432,WS,AUGUST,1,LINED,20180919,ROW4,paraxanthine,0,1131.492432,0.09757242
3.833033323,1569.156616,WS,JULY,1,LINED,20180919,ROW4,paraxanthine,0,1569.156616,0.165744957
3.841224909,1524.004517,WS,SEPTEMBER,1,LINEF,20180920,ROW4,paraxanthine,0,1524.004517,0.158086301
3.764806271,1494.104126,YB,JULY,1,LINEC,20180918,ROW4,paraxanthine,0,1494.104126,0.153091299
3.839709759,1412.161987,YB,JUNE,1,LINEB,20180917,ROW4,paraxanthine,0,1412.161987,0.139719775
22.47066307,7007.334473,BB,AUGUST,1,P2LINEA,20180920,ROW4,warfarin,3943.890625,3063.443848,0.001895677
22.46855354,6336.411621,BB,JULY,1,LINEC,20180918,ROW4,warfarin,4640.211426,1696.200195,0.000550206
22.46901512,5378.888184,BB,JUNE,1,LINEF,20180920,ROW4,warfarin,4412.584961,966.3032227,0.0001695
22.47105408,4472.660645,BB,SEPTEMBER,1,P2LINEA,20180920,ROW4,warfarin,3943.890625,528.7700195,4.80E-05
22.47261429,5342,BD,AUGUST,1,LINEE,20180919,ROW4,warfarin,4988.834473,353.1655273,2.06E-05
22.46572113,7989.78125,BD,JULY,1,LINEC,20180918,ROW4,warfarin,4640.211426,3349.569824,0.002285143
22.46756363,5261.285156,BD,JUNE,1,LINEC,20180918,ROW4,warfarin,4640.211426,621.0737305,6.72E-05
22.46875381,4376.511719,BD,SEPTEMBER,1,LINEF,20180920,ROW4,warfarin,4412.584961,-36.07324219,NA
22.47345161,5022.458008,BO,AUGUST,1,LINEF,20180920,ROW4,warfarin,4412.584961,609.8730469,6.47E-05
22.4715519,5924.831543,BO,JULY,1,LINED,20180919,ROW4,warfarin,6363.257813,-438.4262695,NA
22.47119522,4771.699219,BO,JUNE,1,LINEF,20180920,ROW4,warfarin,4412.584961,359.1142578,2.14E-05
22.47044373,4653.88623,BO,SEPTEMBER,1,P2LINEA,20180920,ROW4,warfarin,3943.890625,709.9956055,8.89E-05
22.47833633,5766.45459,DA,AUGUST,1,P2LINEA,20180920,ROW4,warfarin,3943.890625,1822.563965,0.000639479
22.4675045,4903.029297,DA,JULY,1,LINEC,20180918,ROW4,warfarin,4640.211426,262.8178711,1.11E-05
22.47204208,6029.359375,DA,JULY,1,LINED,20180919,ROW4,warfarin,6363.257813,-333.8984375,NA
22.47300529,7621.908203,DA,JUNE,1,LINEB,20180917,ROW4,warfarin,93708.88281,-86086.97461,NA
22.46844864,5057.822266,DA,SEPTEMBER,1,LINEE,20180919,ROW4,warfarin,4988.834473,68.98779297,6.77E-07
22.47923279,5934.93457,DU,JUNE,1,LINEB,20180918,ROW4,warfarin,93708.88281,-87773.94824,NA
22.46780968,4316.846191,DU,SEPTEMBER,1,LINEE,20180919,ROW4,warfarin,4988.834473,-671.9882813,NA
22.46443558,5147.203125,FI,AUGUST,1,LINEF,20180920,ROW4,warfarin,4412.584961,734.6181641,9.55E-05
22.47012138,4990.213379,FI,JULY,1,LINED,20180919,ROW4,warfarin,6363.257813,-1373.044434,NA
22.47411156,10999.01465,FI,JUNE,1,LINEB,20180917,ROW4,warfarin,93708.88281,-82709.86816,NA
22.46390343,4936.914063,FI,SEPTEMBER,1,LINED,20180919,ROW4,warfarin,6363.257813,-1426.34375,NA
22.46714973,5109.040527,FLBS,AUGUST,1,LINEF,20180920,ROW4,warfarin,4412.584961,696.4555664,8.54E-05
22.46269608,5477.269043,FLBS,JUNE,1,LINEB,20180917,ROW4,warfarin,93708.88281,-88231.61377,NA
22.47113609,4548.365723,FLBS,SEPTEMBER,1,LINEF,20180920,ROW4,warfarin,4412.584961,135.7807617,2.79E-06
22.47342873,4948.327637,HO,AUGUST,1,LINEE,20180919,ROW4,warfarin,4988.834473,-40.50683594,NA
22.47912025,6055.509277,HO,JULY,1,LINEB,20180918,ROW4,warfarin,93708.88281,-87653.37354,NA
22.47519875,5034.599609,HO,JUNE,1,LINEC,20180918,ROW4,warfarin,4640.211426,394.3881836,2.60E-05
22.475214,5107.812012,HO,SEPTEMBER,1,LINEC,20180918,ROW4,warfarin,4640.211426,467.6005859,3.71E-05
22.46374702,5245.206055,LK,AUGUST,1,LINEF,20180920,ROW4,warfarin,4412.584961,832.6210938,0.000124122
22.4867363,4648.754395,LK,JULY,1,LINEB,20180918,ROW4,warfarin,93708.88281,-89060.12842,NA
22.48435402,5653.914063,LK,JUNE,1,LINEC,20180918,ROW4,warfarin,4640.211426,1013.702637,0.000187366
22.46822739,5572.477539,LK,SEPTEMBER,1,LINED,20180919,ROW4,warfarin,6363.257813,-790.7802734,NA
22.46207428,5623.575684,SA,AUGUST,1,LINEE,20180919,ROW4,warfarin,4988.834473,634.7412109,7.03E-05
22.46805382,6082.873535,SA,JULY,1,LINED,20180919,ROW4,warfarin,6363.257813,-280.3842773,NA
22.47074127,4537.674805,SA,JUNE,1,LINEB,20180917,ROW4,warfarin,93708.88281,-89171.20801,NA
22.47145653,4664.772949,SA,SEPTEMBER,1,LINEF,20180920,ROW4,warfarin,4412.584961,252.1879883,1.02E-05
22.4808979,5447.066895,SJ,AUGUST,1,LINEE,20180919,ROW4,warfarin,4988.834473,458.2324219,3.56E-05
22.46531296,6625.56543,SJ,JULY,1,LINED,20180919,ROW4,warfarin,6363.257813,262.3076172,1.11E-05
22.47518158,4774.088379,SJ,JUNE,1,LINEC,20180918,ROW4,warfarin,4640.211426,133.8769531,2.71E-06
22.47382927,5577.057617,SJ,SEPTEMBER,1,LINED,20180919,ROW4,warfarin,6363.257813,-786.2001953,NA
22.46809196,4446.02002,WB,AUGUST,1,LINEE,20180919,ROW4,warfarin,4988.834473,-542.8144531,NA
22.47896194,5736.539063,WB,JULY,1,LINED,20180919,ROW4,warfarin,6363.257813,-626.71875,NA
22.47494316,5626.993652,WB,JUNE,1,LINEC,20180918,ROW4,warfarin,4640.211426,986.7822266,0.000177104
22.47563362,5126.30127,WB,SEPTEMBER,1,LINEC,20180918,ROW4,warfarin,4640.211426,486.0898438,4.02E-05
22.47999001,5067.14209,WF,AUGUST,1,P2LINEA,20180920,ROW4,warfarin,3943.890625,1123.251465,0.000232247
22.47105217,5212.628418,WF,JULY,1,LINEB,20180918,ROW4,warfarin,93708.88281,-88496.25439,NA
22.47988892,5888.729492,WF,JUNE,1,LINEB,20180918,ROW4,warfarin,93708.88281,-87820.15332,NA
22.46686363,4499.049316,WF,SEPTEMBER,1,LINEE,20180919,ROW4,warfarin,4988.834473,-489.7851563,NA
22.47174644,4688.296387,WS,AUGUST,1,LINED,20180919,ROW4,warfarin,6363.257813,-1674.961426,NA
22.46561623,5331.160156,WS,JULY,1,LINED,20180919,ROW4,warfarin,6363.257813,-1032.097656,NA
22.48089409,5643.431152,WS,JUNE,1,LINEB,20180918,ROW4,warfarin,93708.88281,-88065.45166,NA
22.47396278,5176.723145,WS,SEPTEMBER,1,LINEF,20180920,ROW4,warfarin,4412.584961,764.1381836,0.000103716
22.47011757,5428.86084,YB,AUGUST,1,LINEE,20180919,ROW4,warfarin,4988.834473,440.0263672,3.27E-05
22.46505737,4649.851563,YB,JULY,1,LINEC,20180918,ROW4,warfarin,4640.211426,9.640136719,1.10E-08
22.46253586,5519.152832,YB,JULY,1,LINEE,20180919,ROW4,warfarin,4988.834473,530.3183594,4.83E-05
22.4800396,6206.911621,YB,JUNE,1,LINEB,20180917,ROW4,warfarin,93708.88281,-87501.97119,NA
22.46599388,4924.138184,YB,SEPTEMBER,1,LINEE,20180919,ROW4,warfarin,4988.834473,-64.69628906,NA
